{"cov": [[0.008923637146880603, 0.018930501993311075, 0.0002811517846943923], [0.018930501993311075, 0.04670810688254504, 0.0006918436932548946], [0.0002811517846943923, 0.0006918436932548946, 1.027475947927921e-05]], "info": [70, -13, 3.2495708462964465]}