{"cov": [[0.025537653270665192, 0.04263266525639782, -0.0004938106151570618], [0.04263266525639782, 0.08696752928639359, -0.0007073455773916877], [-0.0004938106151570618, -0.0007073455773916877, 1.5083555008062842e-05]], "m": [112.10472999219672, 25.05387429137768, 1.1410070503409353]}