{"cov": [[0.009735100122208282, 0.006040116358992, -0.0006574228891888691], [0.006040116358992, 0.14050888097549408, -0.001385147274445171], [-0.0006574228891888691, -0.001385147274445171, 5.502002488062859e-05]], "m": [111.94497767849522, 45.65703662150961, 1.1442969183621194]}