{"cov": [[0.007176532194371694, -0.009226635999717524, -0.00019627664984161913], [-0.009226635999717524, 0.013321192096939206, 0.0002779591129425778], [-0.00019627664984161913, 0.0002779591129425778, 5.837131166895453e-06]], "info": [51, 21, 3.7142794672650425]}