{"cov": [[0.027683871693449266, -0.03991502929090072, -0.0006241723182224318], [-0.03991502929090072, 0.06665010305474972, 0.0010166956305479179], [-0.0006241723182224318, 0.0010166956305479179, 1.559469474693783e-05]], "info": [70, 24, 3.838734863583955]}