{"cov": [[0.03460477120109707, -0.10788091699458488, -0.0007061754365864907], [-0.10788091699458488, 0.6912153846910575, -0.002603039939052878], [-0.0007061754365864907, -0.002603039939052878, 0.00010398614334767191]], "m": [136.13138789405778, 52.3890745637915, 1.073971030360308]}