{"cov": [[135.1984395799208, 56.283872752315325, 1.1304898368043557], [56.283872752315325, 24.047324783074984, 0.47657515569512476], [1.1304898368043557, 0.47657515569512476, 0.009542540951172686]], "m": [128.73839028139713, 68.38937605236335, 1.0908949798065417]}