{"cov": [[0.0008670845625339573, 0.0008360337898082354, 2.812797860623807e-05], [0.0008360337898082354, 0.0011177682600325128, 3.461778055692651e-05], [2.812797860623807e-05, 3.461778055692651e-05, 1.1212159027371997e-06]], "info": [41, -17, 2.792120050052083]}