{"cov": [[0.001268575682240906, 0.00045775705277693884, 8.897996342825194e-06], [0.00045775705277693884, 0.0063276637087541, 0.00013439248348875917], [8.897996342825194e-06, 0.00013439248348875917, 2.864007078833686e-06]], "info": [48, 2, 3.183807936218875]}