{"cov": [[1.3314464538473127, -1.8987746278011066, -0.029034919857218046], [-1.8987746278011066, 22.782215160338456, -0.08662079229114288], [-0.029034919857218046, -0.08662079229114288, 0.001543147843177473]], "m": [151.828622734524, 47.82997148683328, 1.1432470869080422]}