{"cov": [[0.03909716004554995, -0.05105627238679703, -0.00037520397221782405], [-0.05105627238679703, 0.07489893255149352, 0.00036382291213924014], [-0.00037520397221782405, 0.00036382291213924014, 1.0177916894826275e-05]], "m": [109.62034740355934, 70.58333553956479, 1.1371137625363825]}