{"cov": [[0.02131339697470367, -0.030463932503319146, -0.0003010988361665791], [-0.030463932503319146, 0.05660971133328268, 0.00017370913098294666], [-0.0003010988361665791, 0.00017370913098294666, 1.2950671214767311e-05]], "m": [105.79584875332249, 64.80204558046054, 1.1393820192462352]}