{"cov": [[0.06712715870676386, 0.2211063953794825, -0.0036762024124845465], [0.2211063953794825, 1.4550017951862104, -0.014122733749969214], [-0.0036762024124845465, -0.014122733749969214, 0.0002194411232986202]], "m": [138.2697011902466, 38.995394229950826, 1.0454237599113223]}