{"cov": [[0.0012959837051493334, 0.0012832025392580282, 3.4962574468003476e-05], [0.0012832025392580282, 0.0016941291392887775, 4.344760020141662e-05], [3.4962574468003476e-05, 4.344760020141662e-05, 1.1550050661826249e-06]], "info": [44, -17, 3.048349636673046]}