{"cov": [[0.006169779155777809, -0.01669403948669078, -0.000248548161413585], [-0.01669403948669078, 0.0532698149053435, 0.0007848068683884482], [-0.000248548161413585, 0.0007848068683884482, 1.1582157095318564e-05]], "info": [70, 14, 3.0237262002630994]}