{"cov": [[0.005108844948157393, -0.009571317279785468, -0.00019972175213673897], [-0.009571317279785468, 0.02475251712295508, 0.0005105909016885683], [-0.00019972175213673897, 0.0005105909016885683, 1.0564523970851017e-05]], "info": [51, 13, 3.478117847892704]}