{"cov": [[0.054720869325862904, 0.07958170040803512, 0.0007338567837556949], [0.07958170040803512, 0.14495145105339174, 0.001297641651413396], [0.0007338567837556949, 0.001297641651413396, 1.1695476366173757e-05]], "info": [119, -39, 2.268453541517577]}