{"cov": [[0.005776895629588934, 0.007751181357779939, 0.00013706717610293236], [0.007751181357779939, 0.011894149499066803, 0.00020637981631674353], [0.00013706717610293236, 0.00020637981631674353, 3.6109906203367795e-06]], "info": [62, -23, 2.344409948009317]}