{"cov": [[0.09431255768867106, -0.3090678510094595, -0.002650848454405597], [-0.3090678510094595, 1.1427164855294059, 0.007946095892527788], [-0.002650848454405597, 0.007946095892527788, 0.00011373637643116534]], "m": [148.8300318348762, 61.70094328078936, 1.0489059347637346]}