{"cov": [[0.0889225101936154, -0.22953993036397477, -0.0017358893105888487], [-0.22953993036397477, 0.7603527972692716, 0.0022247775240743757], [-0.0017358893105888487, 0.0022247775240743757, 8.10823249922481e-05]], "m": [136.00908727615106, 62.26564432147494, 1.1426195002764101]}