{"cov": [[0.16506264223337913, 0.6025034973026705, 0.0046414026957551854], [0.6025034973026705, 12.728300879395098, 0.09923522260318537], [0.0046414026957551854, 0.09923522260318537, 0.0007737492942150772]], "info": [127, -3, 3.124707643710816]}