{"cov": [[0.006914405147267801, 0.010778996022323241, 0.00016550783049045723], [0.010778996022323241, 0.023144715960268954, 0.00034762380791170095], [0.00016550783049045723, 0.00034762380791170095, 5.25721914880492e-06]], "info": [70, -17, 2.7925924703441427]}