{"cov": [[0.5255150813129851, -0.3738965117862697, -0.010713247060966869], [-0.3738965117862697, 5.034412800793274, -0.025963895191482022], [-0.010713247060966869, -0.025963895191482022, 0.0005352907180928895]], "m": [158.20124216269528, 45.00804949069755, 1.0104975131015288]}