{"cov": [[0.0077884122588279675, 0.00043800216248105774, -1.4368769205872458e-05], [0.00043800216248105774, 0.06800532863656138, 0.0010078982351376185], [-1.4368769205872458e-05, 0.0010078982351376185, 1.502994631447465e-05]], "info": [68, 4, 3.1979514771374653]}