{"cov": [[0.03862575345465499, 0.06376049927144531, 0.0005926717835827813], [0.06376049927144531, 0.1251197081468908, 0.0011453064513127693], [0.0005926717835827813, 0.0011453064513127693, 1.0516804185379686e-05]], "info": [117, -34, 2.7116291121046268]}