{"cov": [[0.02260894277411737, -0.03188075556424902, -0.0005161663279700599], [-0.03188075556424902, 0.05336220559530888, 0.0008390953580876036], [-0.0005161663279700599, 0.0008390953580876036, 1.3281854161582876e-05]], "info": [69, 24, 3.6453857066945785]}