{"cov": [[0.07829238811683162, -0.31166678432007766, -0.00270919766863485], [-0.31166678432007766, 2.472764441433532, 0.020895475998822244], [-0.00270919766863485, 0.020895475998822244, 0.00017676312761535448]], "info": [119, 10, 3.614704011065969]}