{"camera_matrix": [[905.8853008344117, 0.0, 624.5274530150928], [0.0, 906.3906086620236, 411.6144494028264], [0.0, 0.0, 1.0]], "dist_coeffs": [[0.04057780575241396, -0.05635580926251301, 0.0005263589879803536, -5.8014229539275056e-05, 0.0015903874408841705]], "ret": 0.06644379645620481}